b,lower b,upper b,RRR,lower RRR,upper RRR
-4.907874114705026,-5.503249271554173,-4.31249895785588,0.00738817806727946,0.0040735139585209995,0.013400021629887305
-5.112990198287181,-5.830973358678043,-4.3950070378963195,0.006018060797074482,0.0029352185688535258,0.012338793485975684
0.2772174603876602,0.2085101545761304,0.34592476619919,1.3194532686586962,1.2318414388251022,1.4132962841667316
0.2394127147097377,0.1563287605547889,0.32249666886468653,1.2705027835817182,1.1692105302131863,1.3805702919854612
0.8999873022391457,0.6639069409686026,1.136067663509689,2.4595718799031316,1.9423662396051868,3.114497003222147
0.8671361374592389,0.5818261355967501,1.1524461393217278,2.380084847978933,1.7893029589339868,3.165927745938464
0.022677770109587318,0.016653055604493153,0.028702484614681483,1.0229368656005686,1.0167924906662664,1.0291183703756985
0.021993709363099957,0.014721557922626353,0.02926586080357356,1.0222373539261929,1.0148304537724393,1.0296983145091383
