"","term","estimate","std.error","statistic","p.value","conf.low","conf.high"
"1","(Intercept)",0.711409411482165,0.168225039778483,-2.02411716163876,0.042958098228564,0.505478073569651,0.978078506071382
"2","res_infyes",1.53443177069753,0.152823504967951,2.80166411991854,0.0050839774330876,1.14429080348802,2.08433080306601
"3","ghq12",1.0511522896771,0.00778952903347323,6.4043642396595,1.50997242760752e-10,1.03537818755381,1.06748997418383
